75, 7587_filler, 886.4482147875306
92, 6856_filler, 1111.6251054199884
136, 4565_filler, 1077.5016821332576
221, 2621_filler, 1395.8636215619347
162, 554_filler, 940.3046381359607
144, 3062_filler, 831.7827240331455
42, 4434_filler, 1319.1690092630283
213, 4565_filler, 1075.8300283966794
43, 7587_filler, 1035.0722197025675
147, 4869_filler, 1218.07635228667
184, 7587_filler, 1111.5094466535136
148, 5125_filler, 1028.6100451580278
151, 1042_filler, 540.6529328044008
361, 5394_filler, 1069.8802503084166
95, 3062_filler, 1037.8784851802257
142, 7587_filler, 994.8943411237195
167, 7587_filler, 1175.98878608599
304, 7587_filler, 1374.5306016964482
325, 7587_filler, 1148.547125720142
494, 3062_filler, 1041.984824745543
187, 4565_filler, 935.3834775106945
59, 7587_filler, 993.0514525944766
157, 7587_filler, 1058.5147613519614
511, 3062_filler, 901.4879366913348
340, 496_filler, 742.7135214872555
416, 791_filler, 1378.6372800704326
123, 7587_filler, 1084.0091097403194
486, 7587_filler, 1032.1496984449493
481, 2592_filler, 1188.0435598074678
360, 1042_filler, 1074.935056177814
505, 7587_filler, 1243.459337895695
526, 711_filler, 1004.4381825179686
519, 324_filler, 1114.5762647750937
96, 2218_filler, 1321.7452477690244
354, 5020_filler, 1112.6466195517785
35, 3062_filler, 950.4523265266912
133, 711_filler, 821.5335127065724
443, 7587_filler, 1260.896754298305
522, 7587_filler, 912.8375060765196
356, 4716_filler, 1072.6115909312186
286, 554_filler, 810.8065814360414
381, 7587_filler, 1514.7783666266164
477, 5125_filler, 814.6424445730777
578, 7587_filler, 1059.426672781085
617, 7587_filler, 1061.3510847028895
90, 3062_filler, 1240.3643617905184
294, 7587_filler, 890.1268168075827
570, 1923_filler, 743.6646589693503
642, 7666_filler, 762.0735692831762
623, 1042_filler, 952.4688971299797
444, 7587_filler, 1239.5591454222747
224, 5125_filler, 993.9861669057573
180, 6683_filler, 1185.03807955694
218, 5782_filler, 769.8864364307245
44, 4967_filler, 988.16917200447
561, 2213_filler, 1077.3242316034666
423, 3525_filler, 737.6748097908726
153, 6274_filler, 1130.2663955899955
37, 2550_filler, 912.8570876648765
605, 7587_filler, 1056.8858145514112
195, 4565_filler, 820.9000395906921
612, 7587_filler, 1233.840802129675
284, 2592_filler, 1305.2097053730486
52, 7587_filler, 904.3864287460311
550, 708_filler, 875.6879795338064
208, 7587_filler, 1049.6196334863407
198, 6683_filler, 656.4328792801286
390, 5125_filler, 1136.7991797146935
190, 7587_filler, 759.9706820002992
105, 7587_filler, 1172.7034471681236
154, 7587_filler, 805.3588873912053
141, 4434_filler, 470.77265280069105
303, 7587_filler, 1069.8004486819025
476, 6586_filler, 654.6395000303602
55, 7587_filler, 1055.3291548137954
129, 4565_filler, 753.5124833073437
502, 1716_filler, 518.580514481599
315, 1716_filler, 1059.91102220894
329, 3566_filler, 832.1168788097018
124, 711_filler, 642.8951605821901
616, 3062_filler, 1305.082660217352
628, 3282_filler, 1308.7714659175604
495, 4434_filler, 1166.8847415233433
439, 7587_filler, 1358.9684507007512
53, 7587_filler, 867.8405671550506
480, 563_filler, 1077.5770854096704
82, 45_filler, 1329.0307558517975
553, 1716_filler, 657.1921332456742
139, 7587_filler, 1023.3388673846019
183, 6455_filler, 1201.6308189290087
341, 3233_filler, 983.4414064904935
225, 7587_filler, 1077.9212633583215
115, 1042_filler, 1125.821144765011
510, 4057_filler, 1060.7417805479333
377, 4565_filler, 1152.5427866244272
548, 7587_filler, 462.36236127630457
544, 711_filler, 1178.495916412102
204, 4565_filler, 1131.3884721880456
620, 7587_filler, 1044.7099477845513
121, 1656_filler, 687.5618381280334
379, 4869_filler, 1501.0746150674856
70, 4044_filler, 936.7639777446611
562, 7587_filler, 1117.4779080590363
364, 5125_filler, 1216.6041365209967
179, 2356_filler, 1178.7384145772123
530, 51_filler, 1285.4201161488022
603, 554_filler, 1252.2707874098157
349, 195_filler, 1036.4685837014067
203, 4565_filler, 722.0477390727015
419, 554_filler, 426.040069271659
58, 711_filler, 608.0867022884155
146, 7587_filler, 935.1553012735371
220, 7529_filler, 1021.97786179545
39, 1002_filler, 790.2095449942376
559, 6310_filler, 642.7260059698845
629, 7587_filler, 1151.3498599470101
581, 3726_filler, 1090.9510758966233
518, 7529_filler, 1099.4482138782162
16, 1923_filler, 633.8745932753576
375, 2621_filler, 656.2667140728684
292, 708_filler, 867.4817000951663
73, 1716_filler, 862.4888405075163
501, 4565_filler, 1299.468545213773
26, 4565_filler, 1166.3918188156156
211, 4565_filler, 1011.836974270065
546, 7587_filler, 987.6475206266657
539, 7587_filler, 1099.133351782212
185, 1459_filler, 598.4459300972812
305, 7529_filler, 1132.267912200995
350, 4565_filler, 1118.987600467494
355, 7667_filler, 1224.5873284498741
65, 711_filler, 752.0497407086848
173, 2181_filler, 685.4329152076081
451, 7156_filler, 975.4565918071393
313, 4429_filler, 1172.5082089264877
639, 1042_filler, 1028.3293489928215
14, 6116_filler, 840.7830427643031
38, 711_filler, 459.9458527913911
351, 3536_filler, 1069.9717870112277
171, 7587_filler, 1009.3172197084522
580, 6683_filler, 766.0421006707138
630, 7103_filler, 831.4525317178366
29, 4676_filler, 1260.2439248018616
176, 711_filler, 1018.9680748188335
85, 4105_filler, 922.2781576075625
283, 1716_filler, 856.2340509463519
586, 3062_filler, 1192.303914696249
453, 7529_filler, 641.5019241982053
138, 6157_filler, 877.859256942706
385, 7590_filler, 1221.1744347143858
464, 7587_filler, 1039.842836682544
64, 2621_filler, 1105.195910234923
417, 7587_filler, 1008.9005773613176
103, 7587_filler, 941.3789088353318
61, 7587_filler, 1046.7577919461598
558, 7587_filler, 1235.4798156991478
422, 5983_filler, 570.9934599012497
538, 1716_filler, 838.6711959999581
567, 711_filler, 1020.2091390984498
345, 1072_filler, 969.6125192570483
256, 2592_filler, 1154.7231811131185
119, 6683_filler, 690.6801674798546
302, 5125_filler, 1574.5849453109859
440, 7587_filler, 961.5030876185474
382, 554_filler, 804.9950310405649
219, 7587_filler, 1100.4842684018704
27, 4565_filler, 969.1176076720513
201, 7587_filler, 729.0408510502001
632, 7516_filler, 1176.350341097413
636, 174_filler, 484.04341876530043
287, 4565_filler, 955.3416600881593
19, 711_filler, 931.5162035627721
99, 4565_filler, 1220.01757159477
68, 7868_filler, 1336.7227648244793
358, 711_filler, 858.8031279053424
33, 7590_filler, 1106.2598587131326
300, 1716_filler, 1119.3969358543018
380, 2213_filler, 1382.2846577315397
165, 711_filler, 1273.9243992482443
408, 6237_filler, 836.2844910674836
169, 1042_filler, 802.1090948243885
509, 2621_filler, 1116.7151606385578
392, 5128_filler, 1084.890259427192
602, 1042_filler, 758.9533500156647
98, 4565_filler, 690.3429854065297
312, 4565_filler, 579.8431361152773
610, 1042_filler, 1228.644425779892
216, 7587_filler, 1365.665039458798
100, 974_filler, 1641.1094570442278
164, 4550_filler, 681.0984464451523
15, 7587_filler, 1239.033292530915
592, 1249_filler, 862.0233465515885
625, 6683_filler, 874.332852808357
174, 7587_filler, 1014.846940429935
614, 7587_filler, 949.3663347201648
514, 7587_filler, 652.4121348886761
517, 1858_filler, 1286.830311268739
352, 3062_filler, 1143.0977101717945
532, 7587_filler, 1140.2045320906245
483, 174_filler, 590.4612868342851
282, 7587_filler, 791.9129529184379
319, 4565_filler, 1036.2870017519278
436, 4565_filler, 989.8790330136304
186, 1656_filler, 1177.0192224428622
533, 7587_filler, 929.1078718318987
251, 5125_filler, 982.6836660390769
314, 7587_filler, 1000.2143832699068
395, 2592_filler, 915.3116614028252
577, 7587_filler, 924.0635800636231
285, 7587_filler, 795.7862464255085
378, 5100_filler, 1097.522095449563
348, 7587_filler, 1052.7117364217045
161, 5125_filler, 700.9599890507303
301, 4565_filler, 634.2687718940607
62, 964_filler, 1238.2409398012974
280, 1716_filler, 700.0186158238937
232, 1072_filler, 960.4721495181419
209, 7736_filler, 1216.326693368192
425, 342_filler, 1395.331233076935
249, 7587_filler, 768.7861373620104
18, 554_filler, 1028.7878790110233
175, 7587_filler, 905.2646367223233
543, 1042_filler, 752.9377879347005
528, 711_filler, 1068.9712344118527
478, 7587_filler, 974.5343118638768
299, 3062_filler, 964.8815017918004
465, 1872_filler, 1064.984506929561
475, 7587_filler, 1284.829463391932
97, 7736_filler, 1289.1180124410644
649, 7667_filler, 813.8716114965554
155, 711_filler, 1114.1449636380357
450, 711_filler, 612.3880765086792
317, 7587_filler, 1314.739945768744
488, 7587_filler, 881.7225683286098
568, 7587_filler, 821.938258021854
461, 4434_filler, 629.6052086426859
648, 7587_filler, 1192.0516977044242
618, 7587_filler, 1217.0513547094058
78, 4565_filler, 597.3880386733567
328, 3012_filler, 778.2627287748013
132, 7587_filler, 1129.1438681585266
403, 7590_filler, 1236.6606749630232
657, 7587_filler, 977.1681981624248
601, 7587_filler, 554.562045672078
214, 6683_filler, 629.4484440762404
437, 6157_filler, 657.2399675917466
547, 5991_filler, 1114.8619869741726
656, 711_filler, 635.2676109325896
372, 6683_filler, 893.8613916598032
406, 711_filler, 929.8042804805751
709, 4565_filler, 1259.5161273282688
438, 711_filler, 1125.9513199956737
84, 1042_filler, 960.9939841122836
537, 7587_filler, 1075.0841246153716
491, 4565_filler, 1247.6944738196125
344, 7587_filler, 1258.3188685702842
112, 4565_filler, 589.224861576631
79, 1042_filler, 1187.3845207008553
80, 5125_filler, 927.1584276702661
728, 1716_filler, 1193.9585419938164
323, 2873_filler, 1396.419349622455
182, 7794_filler, 682.1469324859564
252, 174_filler, 473.4670494078759
191, 7587_filler, 1038.006201811916
189, 1716_filler, 1035.9106501045349
89, 1042_filler, 642.6417402021129
484, 1716_filler, 1025.349879309497
196, 7587_filler, 900.0957935131127
711, 7587_filler, 913.1456962062516
332, 7587_filler, 764.9736515070307
411, 5356_filler, 1205.1383737977976
177, 711_filler, 769.1451423496088
81, 6157_filler, 873.2802743106018
118, 711_filler, 1253.2569568927197
474, 2709_filler, 711.1184632323929
727, 5171_filler, 1527.781970701317
67, 711_filler, 578.3030941902351
88, 483_filler, 1122.82985131319
613, 4195_filler, 1162.4024152590187
490, 7587_filler, 1169.583472865447
63, 45_filler, 1084.5257027844016
722, 4429_filler, 810.7153091560564
421, 7587_filler, 1011.2436959012402
652, 711_filler, 823.5138508246233
238, 2592_filler, 543.3506579548791
41, 4565_filler, 1332.680569378874
536, 7587_filler, 1089.4044244448432
646, 6455_filler, 1381.2100672960648
669, 4565_filler, 770.9213238067812
396, 1042_filler, 1224.3358914121566
787, 711_filler, 690.2903601021819
343, 7587_filler, 1006.1632260721915
47, 7587_filler, 1054.4537092731953
482, 5125_filler, 891.5120582471109
575, 7587_filler, 1190.150935806043
181, 711_filler, 477.94081419669527
353, 1042_filler, 897.7222914131073
785, 1002_filler, 639.4919370093731
409, 1042_filler, 1707.1404453061266
410, 6310_filler, 884.5644761689224
598, 7587_filler, 1123.6843417971081
560, 7587_filler, 915.4235699936943
725, 4434_filler, 705.109964828182
159, 7587_filler, 1199.7154871051719
596, 7587_filler, 994.1982322454612
579, 7587_filler, 1330.407456383194
816, 711_filler, 1053.0756739190208
229, 7587_filler, 1115.9757501845638
247, 711_filler, 891.4962142376153
556, 2873_filler, 1070.7218359592748
127, 4565_filler, 915.7562448599518
36, 554_filler, 991.2466267281822
193, 3282_filler, 1077.146867887569
527, 653_filler, 1204.5896604238308
414, 7587_filler, 1327.867839809369
738, 7587_filler, 1235.9041730652098
551, 2550_filler, 1194.887599316354
541, 7587_filler, 741.1387774904239
28, 5983_filler, 940.121567936828
427, 2172_filler, 722.3253465371404
643, 7587_filler, 1374.823170447749
584, 1496_filler, 1198.1698544029557
497, 4434_filler, 617.5737810172967
253, 45_filler, 1401.6802862992688
430, 6157_filler, 973.3375891744857
391, 7587_filler, 897.942822511545
524, 4034_filler, 1163.9833546919817
120, 7587_filler, 960.9488474939756
150, 554_filler, 1197.2198002037887
384, 2592_filler, 884.9394753315054
342, 5471_filler, 1303.706255258446
255, 4704_filler, 1351.2180616021974
635, 4565_filler, 1323.8466678584798
227, 483_filler, 1182.6083459878
781, 4565_filler, 1293.342617019945
904, 7587_filler, 877.5749255761584
704, 7238_filler, 1241.5451562468438
178, 3895_filler, 806.5981418897517
122, 7587_filler, 743.6481022634295
599, 2592_filler, 945.9374979352494
831, 1716_filler, 808.8991748048702
17, 7587_filler, 1214.709275917493
413, 7587_filler, 946.2896292890459
130, 4565_filler, 1419.7960240823327
91, 6683_filler, 800.55051370916
723, 5983_filler, 525.2749280138926
566, 3062_filler, 1219.3008242431397
597, 5306_filler, 865.9128492521635
250, 4434_filler, 1219.2208064989704
516, 7587_filler, 850.0240070139196
753, 1716_filler, 463.73911712297894
217, 2621_filler, 1316.3097089970886
821, 6997_filler, 606.2160815253914
499, 4434_filler, 890.1764572263187
87, 7587_filler, 851.1857905298937
525, 7587_filler, 1063.0696708118428
145, 1656_filler, 929.7218670118499
415, 4550_filler, 814.2954009448905
241, 7587_filler, 889.2952968502644
683, 8019_filler, 883.7959676871127
388, 1858_filler, 1203.8093702908282
234, 711_filler, 786.354047169594
199, 6157_filler, 1060.7585139889286
412, 1656_filler, 1279.1872908217936
915, 7736_filler, 1310.785785321156
703, 4565_filler, 1176.9426494099023
531, 5128_filler, 626.3105509649347
245, 174_filler, 515.2821132641808
135, 7587_filler, 1104.5702784341067
512, 7529_filler, 1224.1819717672695
678, 711_filler, 1238.0379133936085
207, 7587_filler, 1162.9640471656894
226, 554_filler, 468.9682491917763
143, 4565_filler, 1001.3159466422175
336, 4565_filler, 753.7065078662914
20, 3062_filler, 1030.1902736873417
866, 711_filler, 490.2346855078698
242, 711_filler, 670.7800496436965
160, 1216_filler, 863.721598664755
894, 5382_filler, 1029.3445122989679
730, 7587_filler, 898.5204852979147
720, 1042_filler, 1219.3511594286529
394, 6683_filler, 528.7132965984495
223, 4565_filler, 1018.0107747465152
8, 7015_filler, 819.1072503036461
308, 1895_filler, 1316.2111342789956
156, 7587_filler, 962.2690307289329
383, 1716_filler, 462.44504741104106
137, 5471_filler, 764.5427555081534
788, 7666_filler, 701.361844913166
197, 6274_filler, 988.0068003308479
83, 711_filler, 542.63132051145
393, 5125_filler, 707.0413707839167
60, 1656_filler, 1383.2626738982008
622, 2621_filler, 959.3389651212964
10, 6157_filler, 1044.958133132615
387, 1716_filler, 1066.2331475807719
893, 3839_filler, 1179.376742182073
222, 7587_filler, 974.9356709547559
941, 4565_filler, 1049.9779164344363
460, 7587_filler, 919.5020051636646
76, 5088_filler, 978.9746230112403
645, 554_filler, 1214.8599713547237
487, 6673_filler, 582.4932134797796
289, 4565_filler, 1391.837230066792
32, 7587_filler, 794.1286104907693
607, 4565_filler, 457.3417075885382
149, 4105_filler, 1396.248321395589
871, 6274_filler, 1009.4113073965439
316, 7587_filler, 420.1713750066751
902, 7529_filler, 814.877483122463
961, 3062_filler, 1253.0595057697778
170, 6157_filler, 603.1423184042055
837, 383_filler, 679.8624401303546
152, 711_filler, 841.9603241839843
783, 4565_filler, 646.9125230662953
633, 7587_filler, 1325.2169162065506
321, 3062_filler, 1235.5148724317323
660, 7587_filler, 1119.5686111176929
485, 6455_filler, 733.2846053886581
591, 6157_filler, 720.3934254974847
719, 4434_filler, 688.3106584239416
710, 711_filler, 1169.6820080688597
521, 7587_filler, 1137.9483731698904
456, 5125_filler, 1003.969372042793
493, 3331_filler, 834.0979034262106
833, 4565_filler, 1266.4402374372035
916, 7529_filler, 1527.549671860133
936, 4621_filler, 1096.637075335318
188, 4434_filler, 847.9852961578991
1000, 554_filler, 835.3136012899587
569, 7587_filler, 1125.0021666645803
462, 1072_filler, 1256.7799628415469
140, 4429_filler, 1059.6357275026169
973, 554_filler, 1311.5270679631435
200, 4565_filler, 1021.3753900990566
515, 7587_filler, 1290.7788346575876
682, 4561_filler, 699.2542009169483
736, 6808_filler, 618.6401165055496
445, 7587_filler, 877.0975216587948
557, 7587_filler, 1359.7748434943192
872, 5357_filler, 1396.5728140702151
848, 1716_filler, 894.9058958907356
31, 711_filler, 780.6578555936013
619, 4771_filler, 1056.440071655747
492, 4434_filler, 991.0735656347615
51, 7587_filler, 1125.0412770205367
638, 7587_filler, 1229.46721184422
267, 4565_filler, 1355.6294663365798
158, 554_filler, 1234.987297505525
714, 7587_filler, 1063.6316326623612
641, 7587_filler, 757.839569104174
66, 5980_filler, 738.0483978032877
166, 4565_filler, 544.1499104107249
824, 7587_filler, 835.2750669689597
71, 5782_filler, 1010.4492503337315
441, 1042_filler, 849.8744760257247
126, 554_filler, 1149.9465748459795
615, 5471_filler, 1210.3064694530885
116, 7587_filler, 1160.959355447037
653, 1072_filler, 936.6292289374702
254, 7587_filler, 1156.6071610533977
233, 6274_filler, 481.3885190259527
330, 7383_filler, 1198.6537239753607
938, 2621_filler, 1118.9557073450226
500, 7587_filler, 1072.3520294194439
892, 174_filler, 695.2751254000102
230, 5471_filler, 1027.4726273726226
956, 1716_filler, 738.1525079548263
549, 7743_filler, 710.9521124871914
318, 5125_filler, 763.4442923357277
331, 6588_filler, 920.7329960417406
836, 3062_filler, 796.3655724602866
428, 4565_filler, 1012.8824894823683
34, 3062_filler, 1104.366051180495
651, 7587_filler, 1045.094373728995
458, 7587_filler, 976.3553400273898
954, 8029_filler, 1197.230084403161
817, 6808_filler, 953.3425407480776
713, 7587_filler, 1213.2382803884816
624, 7587_filler, 858.9609638976616
363, 7587_filler, 991.8552061667066
870, 554_filler, 459.96895275659637
604, 7587_filler, 1059.0107412108719
296, 1716_filler, 617.2872862371296
327, 1072_filler, 781.4148626050057
504, 6157_filler, 1036.3466480864402
310, 545_filler, 1427.7653431148972
288, 6021_filler, 1064.8249269246096
457, 6061_filler, 1180.699633691821
611, 3062_filler, 1319.196488397388
858, 7587_filler, 1072.234349384499
215, 4565_filler, 1002.1701452348299
498, 5125_filler, 658.250949486592
290, 7587_filler, 708.511269317574
917, 7383_filler, 1335.7799687822842
935, 3282_filler, 1245.0752989277396
975, 3062_filler, 1145.0723230433962
359, 5020_filler, 1152.5174076776455
202, 5787_filler, 766.6657110501291
609, 7284_filler, 690.7536418651732
865, 5128_filler, 497.9972389481693
588, 4565_filler, 897.7237534453458
473, 4565_filler, 585.2365173585804
735, 2873_filler, 1168.4635210394888
77, 4550_filler, 570.4225681457563
432, 4565_filler, 983.947280091774
389, 7587_filler, 1036.8608874868412
54, 4565_filler, 948.6293401534658
535, 7587_filler, 880.1850657674214
564, 711_filler, 451.45185928291403
507, 1716_filler, 897.3247739809706
741, 7587_filler, 1374.2927726652717
117, 174_filler, 549.8949899753588
731, 7587_filler, 736.1074140368374
520, 7587_filler, 1064.496301073893
293, 4565_filler, 1154.2734727957668
210, 3062_filler, 1336.1379981124703
459, 4429_filler, 1004.42082191679
334, 7587_filler, 1039.2055258706046
431, 7587_filler, 711.5705121419802
335, 7587_filler, 1175.2809238645882
701, 1042_filler, 1221.661778071165
46, 388_filler, 1575.6922288315063
655, 7736_filler, 1171.415009721149
919, 3177_filler, 685.1430963674669
373, 7587_filler, 884.6733860583803
874, 7587_filler, 1062.198368949981
40, 554_filler, 614.4678592082746
72, 6683_filler, 1176.5462698083743
897, 711_filler, 678.2156736614098
822, 7587_filler, 1122.214941533038
852, 7587_filler, 684.3875912083737
883, 2873_filler, 1298.0816133818398
979, 1315_filler, 1161.442314538264
992, 4565_filler, 1225.6622189657312
265, 7666_filler, 533.3250943374031
269, 984_filler, 493.49893933523305
878, 4565_filler, 551.0959251799999
827, 4565_filler, 797.8588534321093
593, 4565_filler, 856.9375706549457
228, 4565_filler, 1337.913020341756
279, 7736_filler, 1191.9185689467213
125, 7794_filler, 997.7246300958998
442, 4448_filler, 1209.9498440018083
923, 3062_filler, 1128.913803175424
347, 7587_filler, 1141.5636206537067
680, 1042_filler, 1030.7701610931508
621, 7587_filler, 1246.639181960843
295, 3230_filler, 572.6654509833818
582, 7587_filler, 1134.9492830078354
7, 7587_filler, 1045.703292047988
246, 6683_filler, 1074.5245460202386
104, 174_filler, 703.6626722016737
320, 4565_filler, 1072.6277313215428
911, 1042_filler, 968.8694442493271
595, 7587_filler, 851.1618529985939
811, 2873_filler, 1146.1006173107141
192, 711_filler, 1072.1140331140155
529, 1042_filler, 913.0295723578728
851, 1042_filler, 795.5970242528563
644, 2592_filler, 912.983193985519
424, 7587_filler, 1022.6803325086486
658, 3859_filler, 1481.787940293752
398, 7587_filler, 1281.9550011603371
362, 5662_filler, 1342.1990351657983
506, 4483_filler, 1031.1958470630107
454, 1716_filler, 1074.9208110367945
357, 7587_filler, 1049.1856365772455
463, 1042_filler, 839.8609259871541
881, 5818_filler, 783.7647526522228
479, 4565_filler, 746.2370601893208
339, 5125_filler, 504.67422970169577
69, 7587_filler, 1108.4526376891347
322, 4565_filler, 481.90486288789407
877, 1042_filler, 1108.0930127926988
205, 1435_filler, 756.2517355351986
110, 7587_filler, 964.5265030054902
513, 7587_filler, 1090.288379283206
721, 3246_filler, 573.1330288423447
93, 711_filler, 884.8925429112847
594, 7587_filler, 1017.3655316551667
994, 6310_filler, 826.5476014725347
860, 7587_filler, 1163.274365745244
86, 7587_filler, 1060.1216321724598
259, 7587_filler, 962.1372043528927
765, 7590_filler, 1305.4243084147008
896, 7587_filler, 1055.1432959555777
965, 7893_filler, 1431.9900488481057
74, 1716_filler, 815.6678245462426
739, 3461_filler, 1303.2142475433577
386, 4565_filler, 993.0999760849861
986, 7743_filler, 953.5500117980179
905, 6274_filler, 612.458876170474
244, 7587_filler, 842.7819632028203
606, 7587_filler, 865.4513634514651
452, 711_filler, 1598.3148156730576
891, 7587_filler, 999.654909206172
206, 1716_filler, 1014.8905113360751
297, 5680_filler, 1040.3831025156069
959, 4057_filler, 958.5409159237805
94, 7587_filler, 977.174722094263
163, 711_filler, 791.8683997357136
925, 7587_filler, 1001.8106732312249
868, 7587_filler, 1137.4523616398183
134, 711_filler, 1065.816646989528
862, 7587_filler, 1114.884298929714
681, 7587_filler, 1160.464023569882
365, 1646_filler, 706.10314844929
585, 6683_filler, 888.8507678457617
793, 711_filler, 981.6139452452782
194, 5125_filler, 863.476765755744
128, 1656_filler, 1043.7698501106458
429, 3282_filler, 1641.5678481256875
631, 4434_filler, 570.395668593302
834, 554_filler, 521.799290915578
248, 7587_filler, 1050.0188688780788
659, 6856_filler, 730.3862419980267
729, 5636_filler, 1326.048123184072
791, 7587_filler, 796.1897151433193
489, 5818_filler, 927.5854744981726
880, 711_filler, 933.7747988674786
324, 1042_filler, 1306.8223387285664
326, 5983_filler, 982.2012586532355
371, 7988_filler, 780.5027226089605
898, 6742_filler, 1372.659416971304
576, 1858_filler, 1564.1897263439623
540, 4534_filler, 884.3978177268417
981, 1858_filler, 1007.7924823593397
650, 1716_filler, 996.5311397542979
640, 7587_filler, 804.1793954087608
712, 7587_filler, 996.0420422853646
262, 1701_filler, 729.1631761821218
554, 1072_filler, 892.267967036809
626, 7587_filler, 986.2669516920863
508, 7587_filler, 1031.4189255583785
496, 7587_filler, 1190.3240630181347
435, 7289_filler, 1133.9841819884439
426, 4565_filler, 1139.7910992809166
346, 7587_filler, 1153.495719541256
906, 4057_filler, 1023.9266025941508
402, 4565_filler, 832.5853935182865
627, 7587_filler, 752.8056273036221
338, 7587_filler, 958.0538541752233
565, 6331_filler, 630.6076186901012
56, 3062_filler, 1289.0956132110605
376, 6696_filler, 797.6960574053253
434, 7587_filler, 470.81422158851575
742, 5100_filler, 1242.7568145055573
542, 3062_filler, 1369.9637768933892
397, 4565_filler, 988.6318197387741
673, 7587_filler, 1525.654777464417
908, 7587_filler, 684.9179011020226
30, 7587_filler, 1077.7859829298209
57, 7587_filler, 549.7285693867475
523, 7587_filler, 1091.2257442894206
958, 7587_filler, 894.5855185503508
13, 711_filler, 1028.4909455119184
984, 1253_filler, 538.9598779130039
563, 4434_filler, 642.6812487539994
23, 4565_filler, 956.2421568305803
257, 1072_filler, 1175.218490324246
212, 7587_filler, 926.6262393759417
433, 554_filler, 1408.599348643893
258, 7238_filler, 1051.9404688479287
298, 7587_filler, 756.0405908415236
845, 1042_filler, 1066.077154806349
309, 7255_filler, 1528.6813762193874
717, 7587_filler, 1109.0853776873987
920, 6808_filler, 855.1990996253445
600, 7587_filler, 1062.3536958094512
418, 1002_filler, 1070.4708076355935
333, 7529_filler, 1127.2423763326146
671, 4967_filler, 1009.5151373307881
989, 711_filler, 789.5812972709017
370, 711_filler, 828.318854668901
907, 5118_filler, 944.8835245679755
404, 7587_filler, 719.3609794463416
374, 1042_filler, 1021.1616546854862
108, 5063_filler, 542.4921946443101
996, 7667_filler, 902.3024714584351
608, 4565_filler, 1349.7206655452824
815, 2526_filler, 1096.889408737271
634, 4565_filler, 905.2137869034033
555, 174_filler, 577.5722627948818
420, 554_filler, 828.1058582693398
960, 6683_filler, 1140.6247739725804
768, 7587_filler, 1073.136407918397
503, 2756_filler, 1168.4068747658068
846, 1716_filler, 558.0868268020668
758, 7529_filler, 823.3061019450785
887, 4187_filler, 1238.2319552490962
337, 4171_filler, 688.271975675314
400, 4565_filler, 789.6731918964958
946, 4565_filler, 1068.8338271218777
273, 174_filler, 380.77490890288453
637, 893_filler, 580.1374298388271
654, 3246_filler, 1164.2264599295104
933, 711_filler, 662.4829007227281
867, 711_filler, 798.365361222542
534, 7587_filler, 1094.3820173961194
291, 5257_filler, 1308.853696942481
25, 7587_filler, 670.6507334298532
587, 4565_filler, 1003.5065084492477
545, 1042_filler, 1195.617727369413
311, 4565_filler, 1166.0222982430482
552, 554_filler, 1142.8683760608656
724, 1577_filler, 1244.8656554022205
674, 4565_filler, 1062.9352637860877
988, 2081_filler, 1172.178580677876
401, 5983_filler, 796.4594700924837
882, 2592_filler, 933.1437121365605
716, 1072_filler, 1051.321192595298
12, 1716_filler, 510.2227454749543
929, 7587_filler, 1192.0572029059679
757, 483_filler, 1258.198017006862
708, 7587_filler, 753.9475280150469
590, 3566_filler, 1010.5907307114983
792, 4434_filler, 631.2656928742446
782, 806_filler, 752.165291009895
236, 3062_filler, 1122.3048271303123
985, 7743_filler, 763.6673032152156
647, 7587_filler, 953.6470127882748
572, 7587_filler, 1458.23609199608
737, 7587_filler, 738.879472579933
106, 6683_filler, 656.3739406771112
914, 7587_filler, 1016.6586816626316
869, 7587_filler, 997.1033045778155
667, 5818_filler, 756.7734552030746
661, 7587_filler, 1089.3074634831069
930, 1716_filler, 677.7184149777842
732, 174_filler, 568.2147756350586
838, 3563_filler, 497.020859094465
677, 6856_filler, 840.4589520018214
910, 7587_filler, 1065.9255954333773
970, 7238_filler, 1065.5546677669804
664, 4534_filler, 994.3871542311878
699, 7587_filler, 1056.0298883080914
926, 545_filler, 1062.0219512797275
45, 5668_filler, 867.4872477448876
949, 7587_filler, 942.3178205892108
830, 2592_filler, 776.0713965222529
943, 7587_filler, 773.180565909413
666, 7587_filler, 807.5662124556723
676, 4565_filler, 973.4549296192403
912, 3761_filler, 1337.112747676874
366, 4565_filler, 948.0852414208334
240, 4565_filler, 691.7363569308758
715, 7587_filler, 865.6566871456605
784, 6310_filler, 444.18737248485576
235, 1002_filler, 766.4449588848504
921, 7736_filler, 514.6291140229049
589, 711_filler, 533.3495570449084
726, 7587_filler, 815.959136538099
271, 554_filler, 960.5863118429286
448, 4434_filler, 602.8674968432118
940, 5125_filler, 481.84952915822174
662, 711_filler, 1157.965511144438
583, 4565_filler, 736.4554042846044
446, 6808_filler, 620.8313478715455
9, 6588_filler, 745.258889581332
407, 6588_filler, 837.01485948578
447, 6274_filler, 974.7724093346097
888, 4550_filler, 522.6889909401192
825, 964_filler, 1192.88274780047
21, 7587_filler, 890.2204081012746
955, 1716_filler, 1107.649989843362
278, 711_filler, 1092.1139478094765
820, 7702_filler, 1187.265082026756
987, 3062_filler, 1204.7241904270038
574, 7587_filler, 760.7250242367475
266, 1716_filler, 889.1060468245619
718, 3888_filler, 663.3449564517695
829, 6683_filler, 1125.914628202334
978, 1042_filler, 1048.3754098604184
114, 4434_filler, 1058.6687395025888
272, 4565_filler, 1095.9765622493942
449, 301_filler, 849.2377096549587
263, 554_filler, 1144.0524463502536
901, 7587_filler, 1091.0206230864749
826, 7487_filler, 1252.0182706334601
700, 4565_filler, 1038.8461146868674
928, 6683_filler, 969.2167907645843
455, 3282_filler, 1147.9248124332883
740, 174_filler, 524.0664318576415
107, 4565_filler, 729.9849741604274
239, 7587_filler, 1182.0764040450176
932, 7587_filler, 835.6383787261091
839, 2923_filler, 747.8512134776543
922, 7587_filler, 395.891478185626
991, 2830_filler, 735.5325876533276
307, 7587_filler, 1107.114041099651
695, 7587_filler, 864.010235761128
982, 4565_filler, 834.9213286292307
111, 6683_filler, 1250.6809145421546
832, 554_filler, 688.2007337979232
281, 5680_filler, 991.9852569468964
24, 554_filler, 1191.5440088389519
756, 1716_filler, 486.6276650325174
243, 1986_filler, 1198.1476849704297
237, 7794_filler, 697.7806111164167
983, 2592_filler, 1027.6409270752115
799, 7587_filler, 958.5444042922582
702, 6157_filler, 812.4093026301459
733, 554_filler, 752.8539449986299
924, 7587_filler, 1213.477441075853
780, 1042_filler, 1390.672139650464
899, 7587_filler, 1281.2663657491364
918, 3536_filler, 822.7135740948972
743, 7587_filler, 880.2131133992494
951, 7587_filler, 916.8492583298522
861, 4550_filler, 1040.8462902849776
11, 4565_filler, 1337.1202264568433
863, 5680_filler, 887.6874097901806
939, 2621_filler, 954.9933245839994
995, 711_filler, 1008.5818942951535
850, 4550_filler, 754.1084968358333
885, 7587_filler, 1173.1179608206498
890, 1042_filler, 589.4918362454225
855, 3062_filler, 1344.1365723020856
805, 4057_filler, 683.9021768498767
687, 6662_filler, 1336.805427128421
697, 2029_filler, 1060.4667015045782
889, 5125_filler, 888.4682746164885
706, 1716_filler, 969.1100298727694
968, 3246_filler, 1231.6258563378733
231, 7587_filler, 1237.8405591997703
399, 1716_filler, 882.4328586357151
405, 7701_filler, 729.1218176683509
927, 554_filler, 610.0782992780516
823, 3062_filler, 1148.2344055113485
964, 3062_filler, 1116.8779588656946
847, 3246_filler, 579.3979903744921
876, 4565_filler, 801.4288801883795
950, 7587_filler, 1109.5140264998906
859, 4232_filler, 1257.298343671859
818, 7794_filler, 884.2099580981884
875, 4565_filler, 551.2412697721389
794, 6683_filler, 981.9205034013701
675, 6522_filler, 1516.3024929083247
903, 3624_filler, 1346.0163910591878
764, 7587_filler, 1148.8271736862773
679, 7667_filler, 922.2273987471854
849, 6157_filler, 639.7766455959454
812, 4434_filler, 839.1611883303469
819, 4057_filler, 1261.03261258383
670, 4967_filler, 744.457898406619
698, 7587_filler, 792.7731784691003
705, 2592_filler, 954.7393950707177
953, 1459_filler, 998.2995855453412
752, 2814_filler, 1209.5366364852287
113, 7587_filler, 744.857914303124
948, 7587_filler, 1043.0774779468686
707, 540_filler, 1245.2120803300938
277, 2139_filler, 705.9191703020963
854, 483_filler, 1399.495891383751
900, 3282_filler, 1220.1722726730025
760, 7587_filler, 982.4320269107681
734, 711_filler, 691.9031724164878
798, 1042_filler, 656.2004743216817
976, 4565_filler, 1239.4432217733897
696, 1042_filler, 754.1413992083978
828, 6274_filler, 718.0494411946854
694, 1716_filler, 800.9237635380786
843, 7587_filler, 1032.0630431325403
840, 2621_filler, 1150.5306927674724
835, 4565_filler, 1084.179240255042
993, 1253_filler, 675.3300813306039
767, 1716_filler, 1070.129489828217
844, 3983_filler, 1105.5143033900556
260, 7529_filler, 1505.0282389377285
937, 6683_filler, 1094.910555707634
913, 3246_filler, 573.3593441289677
809, 7587_filler, 1312.4502371518702
857, 7587_filler, 1309.9494265047028
942, 554_filler, 967.3903684655952
789, 7666_filler, 781.1193890821044
957, 4565_filler, 1162.2994450656854
808, 711_filler, 889.2476103425862
693, 711_filler, 531.9518892719528
999, 5980_filler, 1249.4532304172094
261, 3233_filler, 1195.714535330235
952, 4565_filler, 994.6161948208967
573, 7015_filler, 750.6228663583331
790, 6116_filler, 795.0263753486421
977, 4565_filler, 850.1385548838495
856, 711_filler, 700.8638196896741
971, 7587_filler, 978.3534956752595
109, 2709_filler, 612.9202639821921
998, 6455_filler, 777.1066931252104
974, 6856_filler, 547.1782444962519
369, 7587_filler, 973.7231703620902
275, 7587_filler, 1171.0449393597155
980, 1716_filler, 590.328854326129
879, 7587_filler, 977.8012323575789
895, 7587_filler, 951.0189272564453
672, 7587_filler, 702.1918585757029
761, 1716_filler, 564.4951007316184
747, 45_filler, 1077.8669328817914
842, 1656_filler, 695.0987789515962
886, 4565_filler, 1062.5152940075734
972, 7587_filler, 963.3133251959094
22, 4565_filler, 1507.6726269319875
773, 4312_filler, 789.4896294442378
931, 7516_filler, 1238.289546107856
786, 7587_filler, 643.0753746645878
873, 4044_filler, 1032.0896278909115
769, 5125_filler, 1354.9851936460414
810, 7587_filler, 912.0449550323711
853, 2124_filler, 1423.508342090063
909, 6157_filler, 833.245349521976
966, 7529_filler, 1028.0435910018602
367, 4057_filler, 1171.271798089581
969, 7587_filler, 927.6231387260669
268, 5125_filler, 986.5427955745255
276, 1042_filler, 1261.6973190904387
864, 3888_filler, 597.5455265082319
766, 1072_filler, 1246.5195545999268
997, 7736_filler, 994.271372664425
944, 6673_filler, 783.8640666595197
841, 1042_filler, 1247.9807190017
813, 7587_filler, 1193.4761204146482
945, 1072_filler, 1080.5079823860626
947, 5100_filler, 711.0746708328177
754, 4565_filler, 475.98040269532106
685, 1223_filler, 1091.4915253908296
884, 711_filler, 992.6047803632622
762, 4565_filler, 1273.85075656452
963, 7587_filler, 979.6682155199279
967, 4565_filler, 1329.4356885536058
368, 4565_filler, 1159.7522364712215
990, 6475_filler, 1910.0814773197503
934, 311_filler, 1280.6972222192098
755, 554_filler, 1246.0521658421849
750, 7587_filler, 1105.347456685001
962, 1716_filler, 959.9509753107187
797, 7587_filler, 1028.7450485907575
745, 7590_filler, 1240.954370635762
796, 3062_filler, 1092.4173309683438
803, 7590_filler, 1298.7836617389364
814, 174_filler, 1082.5601022576068
775, 2592_filler, 901.9885670007131
759, 5191_filler, 936.4980979692377
270, 1159_filler, 801.23658335101
274, 3536_filler, 773.0489554355532
665, 4565_filler, 1371.1133250027146
690, 7587_filler, 843.8500311074238
264, 5125_filler, 913.1047995712212
689, 1716_filler, 905.5607378856485
778, 4565_filler, 1174.0804380450259
749, 5125_filler, 742.1815394497495
691, 7587_filler, 1077.9150592695141
663, 7587_filler, 1214.7490996086394
779, 4879_filler, 1004.8880534666536
807, 554_filler, 590.3131848857859
751, 7587_filler, 915.6432165423386
684, 7587_filler, 967.7640143650724
688, 2873_filler, 1100.4643906097099
686, 6683_filler, 930.4605378520897
692, 1716_filler, 562.0929638413917
800, 7587_filler, 1364.146161523757
668, 4565_filler, 1078.4957116280063
168, 6683_filler, 884.3841783976011
795, 7587_filler, 940.00345744045
748, 711_filler, 1145.703113812649
801, 7587_filler, 1015.4201101022178
763, 7587_filler, 747.8739449265498
772, 6274_filler, 968.4445002167135
746, 4565_filler, 978.8217406657864
802, 7529_filler, 1265.0841869219614
776, 4565_filler, 1017.953308113884
777, 7587_filler, 818.4520832034091
744, 711_filler, 712.1226632399786
806, 4565_filler, 755.3610064068703
804, 1716_filler, 558.121878490711
770, 7587_filler, 1018.7892016997432
774, 174_filler, 975.5981178231126
771, 4565_filler, 739.1301898177344
4, 7587_filler, 894.4552112878542
1, 554_filler, 588.9549537103835
3, 7529_filler, 823.8245413921584
2, 1042_filler, 1574.4726101142567
5, 1525_filler, 1058.4436097402638
6, 711_filler, 1344.523800458735
172, 4565_filler, 1255.4899939864117
306, 554_filler, 529.2196200539054
101, 2081_filler, 1176.2813226435248
102, 7587_filler, 826.1411426021585
49, 7587_filler, 911.682613358399
48, 2344_filler, 1310.0363544573868
50, 1072_filler, 1063.5243297640163
131, 2550_filler, 570.1713284180466
571, 1042_filler, 1043.8757109924534
471, 711_filler, 656.2762375707351
467, 6808_filler, 518.518231357394
468, 7587_filler, 981.6521150590977
470, 4565_filler, 1236.280358575675
472, 3549_filler, 1487.4568060955585
466, 2334_filler, 1280.6818496410417
469, 554_filler, 613.7816183301679
1065, 4565_filler, 527.3296229589231
1113, 1646_filler, 761.7675580516672
1117, 6202_filler, 1179.2069898876957
1448, 1716_filler, 1032.7834356727456
1476, 4550_filler, 545.4615877859778
1452, 7587_filler, 899.124748018872
1178, 4565_filler, 557.6918952253117
1237, 1042_filler, 910.614044203141
1447, 174_filler, 527.8800171440477
1479, 741_filler, 1375.9194198789405
1057, 2873_filler, 1198.3206999797676
1118, 5125_filler, 1038.5909926433985
1122, 3062_filler, 1385.20458777756
1159, 2088_filler, 984.9928933753786
1457, 4565_filler, 1352.0401251442206
1623, 644_filler, 1315.9239624689567
1186, 5125_filler, 916.305694078128
1158, 432_filler, 1322.039948337417
1576, 4565_filler, 1147.6353950623866
1343, 3895_filler, 817.619257356381
1613, 2756_filler, 943.5100025966868
1295, 7587_filler, 1041.9347988238035
1209, 3563_filler, 760.4409493839742
1052, 711_filler, 929.8791924223275
1713, 6683_filler, 1100.753719048907
1395, 554_filler, 789.3016296068316
1486, 7587_filler, 1023.0863844270434
1655, 6683_filler, 932.7528477576469
1629, 7587_filler, 1048.6589054597305
1700, 7587_filler, 989.3440693206787
1684, 1577_filler, 1039.2040824592636
1742, 4057_filler, 1059.9962853708498
1394, 7590_filler, 1150.2820306342267
1695, 7529_filler, 881.5671769638432
1263, 7587_filler, 835.9240022274752
1462, 7529_filler, 1375.6770605778088
1692, 7587_filler, 1094.6533126976778
1718, 711_filler, 750.5725731066916
1203, 7587_filler, 1198.2763662861753
1407, 7587_filler, 873.6395852981938
1210, 4565_filler, 640.3009302273424
1392, 617_filler, 1468.7231699677104
1669, 7587_filler, 839.2249772855905
1195, 4434_filler, 476.29765181554274
1608, 2756_filler, 1386.873687471213
1547, 4565_filler, 950.1020011030395
1732, 6274_filler, 597.7243302727437
1109, 7587_filler, 758.1371907511199
1441, 7587_filler, 791.1755494199755
1694, 2768_filler, 1189.2105574707955
1707, 7587_filler, 989.1140922562978
1568, 3888_filler, 376.4103894023118
1727, 2592_filler, 1166.9744534478893
1483, 7587_filler, 1075.951497512783
1588, 7587_filler, 1405.418709851267
1540, 6310_filler, 590.9246462113423
1350, 1042_filler, 1069.4352481567082
1699, 2592_filler, 1222.6963543742168
1705, 4565_filler, 1219.1116130199073
1636, 7587_filler, 1132.899101862121
1281, 711_filler, 541.0602149945975
1192, 4565_filler, 1310.5407757868504
1691, 2334_filler, 1452.5842488475496
1061, 6237_filler, 660.8064675076962
1310, 3062_filler, 535.3892567562409
1487, 7587_filler, 800.7402824886482
1418, 1042_filler, 1146.4382342716942
1511, 7587_filler, 1162.699821536066
1454, 4565_filler, 1217.0736933316732
1737, 7587_filler, 1079.50127373709
1411, 5063_filler, 824.5916034619804
1406, 7587_filler, 1204.2771690935604
1366, 7587_filler, 852.5866158344265
1099, 545_filler, 1194.8336704328347
1625, 7587_filler, 967.9618083891534
1393, 377_filler, 1114.2460455393145
1600, 8007_filler, 1074.165897336161
1803, 2621_filler, 594.407399222116
1722, 1072_filler, 852.2491199760783
1114, 7587_filler, 1131.1323972020252
1578, 4565_filler, 819.0357898162937
1624, 3290_filler, 978.5646695543427
1592, 1072_filler, 949.0485366934612
1043, 3785_filler, 828.0770646503863
1810, 1042_filler, 636.6534329994616
1466, 711_filler, 904.8873203333109
1477, 7821_filler, 1263.9855616263976
1697, 4434_filler, 767.1685359163265
1512, 5431_filler, 1197.0096595266054
1569, 1716_filler, 951.7116159845901
1312, 174_filler, 513.9747683495757
1187, 1263_filler, 1407.6417779392596
1832, 7667_filler, 726.1320472200631
1442, 7587_filler, 1053.298746795039
1797, 7587_filler, 1004.9494390266607
1282, 1721_filler, 1040.9269907154871
1369, 4057_filler, 951.4196957704838
1830, 4434_filler, 911.6370577154046
1601, 4565_filler, 1075.056335733156
1647, 1042_filler, 1057.438355177265
1545, 1990_filler, 630.7853983329037
1502, 3282_filler, 1294.9965733545398
1733, 711_filler, 887.3293850087464
1079, 5680_filler, 747.3118492302929
1054, 4565_filler, 1272.945697977726
1177, 711_filler, 1099.5538868104645
1789, 5125_filler, 955.6187785932212
1292, 5020_filler, 1739.4488351199066
1230, 1042_filler, 826.8438864138744
1351, 6683_filler, 639.7001494841157
1340, 7587_filler, 1013.1635171580153
1667, 174_filler, 769.3826258760981
1597, 7587_filler, 1248.066704948097
1794, 7587_filler, 1010.7489487998491
1702, 1923_filler, 604.9342939526573
1264, 711_filler, 733.2628706678117
1050, 4565_filler, 778.2636924590533
1410, 7587_filler, 1063.5418421482061
1734, 2592_filler, 913.8789580682991
1041, 1207_filler, 1015.1978563314641
1469, 7743_filler, 684.9510931446127
1251, 7238_filler, 1257.01799907559
1683, 6455_filler, 751.3849296465827
1809, 3062_filler, 1211.253121771003
1879, 545_filler, 1087.0664078150883
1357, 1042_filler, 690.4304590253822
1677, 7587_filler, 877.3240920549258
1505, 617_filler, 1136.5583465005218
1290, 7587_filler, 1063.8596006992652
1349, 7666_filler, 932.9898177365067
1724, 7587_filler, 1036.6832930070784
1738, 7590_filler, 1237.7173546492754
1706, 4098_filler, 1508.6300905125815
1764, 7587_filler, 801.2740246008228
1039, 2074_filler, 949.4763688475875
1256, 7587_filler, 1075.5837949690392
1173, 4565_filler, 894.2790741709213
1164, 3888_filler, 707.4137314895718
1801, 1716_filler, 623.9750095156055
1161, 6455_filler, 1009.003871399907
1231, 7587_filler, 1104.6140728779442
1551, 4565_filler, 777.8826630668664
1413, 2592_filler, 1001.245692874631
1455, 4434_filler, 895.1183580957324
1084, 6157_filler, 1060.1854201034837
1928, 2550_filler, 721.3285485824057
1240, 7587_filler, 595.2492125152288
1470, 3062_filler, 668.2384959728076
1930, 7587_filler, 1001.4862080927525
1506, 5125_filler, 889.6258693967931
1556, 554_filler, 1413.4279252936813
1267, 7666_filler, 933.4975897130105
1815, 7587_filler, 1282.6338624096902
1165, 4565_filler, 787.7484528705849
1949, 711_filler, 588.5393200543189
1675, 7800_filler, 1281.2923163743706
1153, 7587_filler, 921.1426328207809
1518, 7736_filler, 1161.6026644253188
1541, 4232_filler, 1272.3806918528746
1381, 711_filler, 865.0252525215666
1531, 7794_filler, 1112.8232114761086
1579, 4565_filler, 1201.2209413758985
1473, 7587_filler, 880.35514850542
1459, 1002_filler, 1083.227757676104
1488, 5680_filler, 953.8220156297505
1238, 1042_filler, 503.63145317285336
1335, 7587_filler, 1112.4969662879985
1038, 711_filler, 489.67537078150053
1614, 2356_filler, 1098.2939611051315
1313, 7529_filler, 1200.8449108856646
1075, 7529_filler, 1306.180931188325
1730, 1072_filler, 855.4449500113961
1097, 7587_filler, 435.94792550257654
1682, 4565_filler, 691.9148701249309
1123, 2390_filler, 991.2531210543551
1496, 2621_filler, 1238.230087665455
1582, 4565_filler, 738.6496547755235
1909, 1716_filler, 865.2177832777132
1091, 7587_filler, 1208.5303575003816
1509, 6808_filler, 918.1140315886693
1546, 7587_filler, 1224.7390538396332
1301, 7587_filler, 912.6848785314677
1124, 174_filler, 850.5765691576509
1112, 4057_filler, 1179.6312983301182
1160, 7587_filler, 861.1845766152574
1184, 7691_filler, 829.3780802504971
1387, 4565_filler, 1034.126019883457
1652, 1042_filler, 1343.7588139245822
1398, 158_filler, 1409.4008035331894
1465, 7587_filler, 1239.493596191606
1925, 4565_filler, 871.0987314879984
1828, 711_filler, 522.228069190081
1590, 6522_filler, 1277.9130447726088
1196, 4565_filler, 969.3280533441709
1626, 3282_filler, 1414.9595400575947
1873, 7587_filler, 876.0374563909925
1772, 3421_filler, 1044.0826116739997
1715, 7587_filler, 1037.4901806764244
1714, 7587_filler, 996.754546014213
1092, 5125_filler, 1108.045181840524
1250, 4565_filler, 443.3812728623075
1946, 7587_filler, 908.2207193188228
1680, 7587_filler, 1038.673613316522
1634, 4434_filler, 674.3980881126517
1428, 7587_filler, 1213.7150612890985
1653, 2873_filler, 818.8735021357083
1767, 4434_filler, 525.5425470406749
1743, 554_filler, 625.8017607437678
1521, 6808_filler, 719.3761403118677
1719, 993_filler, 1424.5402767208795
1663, 7587_filler, 1096.6303502092217
1646, 806_filler, 776.3819131072026
1539, 7587_filler, 673.1908393984577
1622, 4057_filler, 1221.533360166639
1283, 7587_filler, 879.7393434989707
1723, 7587_filler, 1181.4267328107994
1642, 4565_filler, 1273.4623080405638
1042, 1716_filler, 846.8177563679212
1792, 711_filler, 992.3142143494671
1941, 1716_filler, 683.4140170862754
1348, 7587_filler, 985.6277187660663
1420, 3282_filler, 1478.1329439532833
1911, 7587_filler, 1154.421283587582
1800, 6808_filler, 1180.147660252733
1916, 1716_filler, 783.1005682541675
1821, 4565_filler, 1006.1239051429004
1207, 4565_filler, 588.3482705846938
1577, 2334_filler, 1325.6421085647514
1948, 2873_filler, 877.0180300313101
1639, 4565_filler, 1175.1353113578027
1019, 1467_filler, 897.1322366295841
1417, 3062_filler, 1202.8219943117103
1172, 3062_filler, 1235.4221950410313
1344, 1042_filler, 1445.34584961524
1004, 7587_filler, 975.5798275897263
1067, 3083_filler, 910.9212026844034
1270, 7587_filler, 934.6530773500936
1294, 711_filler, 1045.5338947159962
1131, 6696_filler, 778.1225401567544
1583, 6581_filler, 1261.0502567304761
1298, 7587_filler, 1256.682040135849
1617, 7587_filler, 1055.892454277423
1449, 4565_filler, 965.5478367227591
1400, 3062_filler, 1099.3233714426342
1206, 2621_filler, 1009.5228452095574
1914, 483_filler, 1315.4448867208387
1293, 6274_filler, 827.2071233977618
1481, 407_filler, 851.0116039161863
1660, 6274_filler, 1081.7206201233294
1791, 3750_filler, 780.563338237199
1010, 5063_filler, 546.2947064085465
1018, 7587_filler, 1383.2165412544775
1471, 7103_filler, 1101.7436748173325
1938, 711_filler, 767.873117774024
1571, 4565_filler, 680.7794705335936
1107, 2873_filler, 1436.7873885860774
1284, 2592_filler, 778.646020345574
1736, 554_filler, 880.6967412225391
1881, 5910_filler, 1139.8320051656735
1291, 554_filler, 962.5856130755332
1668, 2756_filler, 770.2363273697235
1249, 711_filler, 1047.8706981302607
1388, 3062_filler, 1199.852699292709
1687, 4565_filler, 901.8212475319042
1833, 3062_filler, 1108.3051813467264
1712, 1456_filler, 924.4879663900444
1193, 1042_filler, 1100.1912901854841
1202, 4869_filler, 1178.5190919115396
1167, 1858_filler, 1298.7052205947275
1169, 7587_filler, 830.0566245744925
1735, 7587_filler, 932.2696766494124
1793, 7587_filler, 935.7544416138243
1071, 7587_filler, 868.9511277971851
1537, 3443_filler, 1131.5169022157822
1307, 2756_filler, 829.80246143284
1119, 7587_filler, 1213.7020330377634
1274, 7587_filler, 1035.2296242863222
1982, 6683_filler, 739.6813925603374
1931, 7587_filler, 1131.3167107401887
1154, 6157_filler, 624.4484816620183
1100, 4565_filler, 910.7463628804674
1632, 5983_filler, 1111.625161643978
1725, 6673_filler, 633.8128667043609
1338, 7587_filler, 1098.5371523075585
1513, 7587_filler, 895.6996566930234
1523, 711_filler, 1057.2789958189844
1103, 4565_filler, 1129.959014743455
1108, 7587_filler, 1221.9623050650948
1910, 4565_filler, 667.6898840404878
1414, 174_filler, 679.9491019554331
1726, 4565_filler, 728.3196413663441
1574, 6055_filler, 648.285768392304
1567, 711_filler, 1361.0629118450036
1166, 745_filler, 781.7631114986176
1155, 6683_filler, 1149.961303696781
1651, 7587_filler, 958.9737353024847
1352, 5100_filler, 1108.228597808232
1599, 45_filler, 914.6863533474193
1640, 3282_filler, 1144.0853879846557
1526, 1716_filler, 923.8637277759096
1396, 6662_filler, 1293.7403622829427
1817, 3062_filler, 1021.0722611549096
1710, 4565_filler, 764.7032104025718
1248, 7587_filler, 1086.4410936631584
1257, 2709_filler, 969.9775126259372
1355, 7587_filler, 748.3379918192046
1484, 7587_filler, 704.429844803583
1382, 1042_filler, 1208.2284034900024
1812, 174_filler, 659.8941439731072
1416, 174_filler, 427.17462032522485
1439, 1716_filler, 736.546374982594
1524, 3062_filler, 1358.8681871322178
1912, 5227_filler, 1066.000996716232
1036, 711_filler, 651.5293546725273
1959, 7587_filler, 961.7226731235986
1412, 1577_filler, 1043.3106560368296
1986, 6683_filler, 1362.8809100578085
1650, 2390_filler, 972.4740999121776
1747, 4565_filler, 861.4123939786332
1062, 7587_filler, 992.4215963994335
1589, 2334_filler, 1185.892490911381
1353, 4266_filler, 560.5209351576442
1555, 711_filler, 1038.784626378346
1083, 6157_filler, 1286.1702842158966
1221, 2592_filler, 999.4663888795861
1510, 6808_filler, 917.0620889558132
1805, 4565_filler, 650.6905946761486
1627, 711_filler, 640.0511942415231
1204, 7587_filler, 1152.9462801882835
1197, 2592_filler, 1017.2805045807179
1175, 2873_filler, 1103.2372251696368
1225, 554_filler, 810.455234729223
1347, 7587_filler, 1116.5106358651492
1978, 3062_filler, 981.5388428381223
1373, 4565_filler, 886.7094013824371
1739, 4849_filler, 749.7715902193147
1504, 1315_filler, 1047.3331609378174
1245, 483_filler, 1338.8909122852392
1826, 7587_filler, 1218.9210392802315
1430, 6274_filler, 1076.4707381067076
1037, 2880_filler, 938.5852052424436
1649, 1002_filler, 1023.1267638958527
1285, 1903_filler, 784.8034785855629
1517, 174_filler, 543.9676575863679
1787, 4534_filler, 682.2222420150197
1615, 6856_filler, 609.376064101635
1628, 1042_filler, 1226.535109566783
1644, 7587_filler, 1116.113233502766
1534, 7587_filler, 1026.0799189147012
1953, 4565_filler, 1132.0823181200208
1229, 1716_filler, 561.4469587592403
1673, 6147_filler, 65.95551812467059
1935, 7587_filler, 1056.6544491933018
1548, 7529_filler, 1362.4922018125462
1126, 2592_filler, 1358.5879158155353
1185, 4565_filler, 979.393466641472
1299, 4849_filler, 946.1648904921383
1472, 711_filler, 727.9299416839508
1516, 1042_filler, 1115.7664406138051
1056, 7587_filler, 1170.8594599694704
1431, 7587_filler, 1355.2482706131743
1271, 483_filler, 996.3798848832708
1616, 4810_filler, 1151.4615712215498
1798, 7587_filler, 1083.4756573176899
1572, 2873_filler, 935.349633826838
1585, 7587_filler, 876.8179329256445
1942, 46_filler, 1166.1842693159601
1302, 7587_filler, 989.6093294831047
1074, 6310_filler, 512.6867037967729
1258, 7587_filler, 739.4140839205053
1977, 7383_filler, 1163.0012897671265
1334, 683_filler, 1184.586689525085
1303, 554_filler, 1130.9515904759141
1989, 6808_filler, 1010.6659623733254
1645, 7587_filler, 898.5253891794043
1603, 7794_filler, 911.2036339370031
1656, 4565_filler, 898.8079605788992
1499, 7587_filler, 1095.1325832975658
1849, 4434_filler, 1135.2736454265112
1022, 554_filler, 1413.071256165095
1227, 7880_filler, 1458.8753373746504
1825, 4565_filler, 629.8054014931914
1356, 7587_filler, 843.6892570727684
1641, 893_filler, 1082.6651721561934
1664, 7587_filler, 1310.9443161324589
1728, 4565_filler, 790.5256162832422
1965, 7587_filler, 811.901856753635
1137, 7587_filler, 969.4997421350869
1952, 6157_filler, 550.837941231357
1450, 7587_filler, 1139.1356920929131
1436, 1117_filler, 772.9041014252674
1610, 1002_filler, 927.4510431823343
1689, 7590_filler, 1325.6934977588146
1208, 7587_filler, 1570.4364839113998
1654, 4565_filler, 1064.0757726778672
1354, 7587_filler, 1271.7970553512066
1252, 3062_filler, 1005.8527787405073
1824, 1656_filler, 936.9799891139618
1858, 5680_filler, 1043.311914050635
1105, 3158_filler, 1088.7644373325206
1402, 3062_filler, 1147.231232141106
1493, 3062_filler, 1218.1404886136902
1280, 1716_filler, 517.1384002373059
1621, 3888_filler, 841.0243753899169
1519, 554_filler, 708.628869719545
1374, 174_filler, 1091.261483330187
1275, 7587_filler, 983.0111265901318
1924, 7587_filler, 968.1233779844385
1339, 7587_filler, 808.3736373113611
1136, 7587_filler, 1242.1992593783011
1379, 7587_filler, 860.8013708167524
1438, 1716_filler, 1210.932079020124
1760, 707_filler, 1261.4142856333917
1421, 4565_filler, 907.2999779565741
1306, 1102_filler, 807.0335339996722
1570, 7587_filler, 1059.6110135327963
1659, 1656_filler, 658.4843392215187
1679, 7587_filler, 886.7772761522479
1235, 1217_filler, 717.3687162122419
1799, 4565_filler, 925.7599580884885
1701, 4565_filler, 507.29258384585125
1612, 1716_filler, 1117.7396834683825
1078, 5471_filler, 1367.9016777531929
1618, 174_filler, 732.6915705124496
1841, 1042_filler, 935.1748833774354
1358, 7587_filler, 1051.688226139287
1958, 1716_filler, 877.7147173199273
1882, 5937_filler, 984.7082055106478
1485, 7587_filler, 851.2270187793619
1515, 3062_filler, 1064.641430247762
1902, 6683_filler, 672.8145639773265
1345, 7587_filler, 1118.4522788210502
1006, 4565_filler, 1130.7199034243627
1529, 6808_filler, 807.3593143700022
1359, 4565_filler, 709.6345890667957
1077, 2592_filler, 1081.332858096895
1300, 4565_filler, 1136.3480430748318
1433, 483_filler, 1013.7128846473246
1773, 4967_filler, 659.8041139232158
1200, 4565_filler, 1083.059497442315
1058, 1042_filler, 943.9914591774652
1936, 7666_filler, 901.1486420119602
1542, 1072_filler, 851.3174349207234
1072, 711_filler, 657.2128888343564
1788, 8019_filler, 837.1368989000545
1426, 2873_filler, 1161.6923000519544
1875, 7587_filler, 991.27342343069
1272, 7587_filler, 953.9130266958304
1059, 4097_filler, 1403.3811403179109
1460, 7587_filler, 977.4506701107734
1790, 3847_filler, 845.8898421189369
1266, 4057_filler, 1143.1549545009198
1762, 1496_filler, 1512.4966942112635
1698, 711_filler, 754.0540431560592
1236, 3761_filler, 1378.7022883857123
1201, 3062_filler, 1170.5564915885093
1818, 7587_filler, 949.9204242987936
1553, 7587_filler, 661.4472295655943
1467, 5125_filler, 1111.0844364853644
1923, 711_filler, 1015.5778835224801
1228, 2756_filler, 903.0459221434976
1859, 4967_filler, 581.7626771287412
1405, 2621_filler, 1262.6504860807681
1842, 4057_filler, 1249.8927954028698
1926, 7529_filler, 1065.1667123037596
1638, 7587_filler, 972.012506349584
1199, 711_filler, 1216.9636395554305
1179, 4465_filler, 1804.60182588847
1814, 5125_filler, 966.7371669693888
1917, 5063_filler, 515.2723187791092
1474, 7587_filler, 1084.8112162952593
1361, 7587_filler, 845.4248931750236
1440, 711_filler, 873.9471880497127
1672, 4716_filler, 1184.087940146339
1945, 2873_filler, 591.9211835202386
1409, 7587_filler, 1169.5363397517838
1121, 4565_filler, 836.6794487735432
1943, 7587_filler, 1085.9268506672076
1086, 7736_filler, 780.9130073189971
1658, 6455_filler, 765.7832999615491
1933, 7587_filler, 1264.9860671169465
1157, 1716_filler, 722.7656518540432
1606, 6060_filler, 1159.6553906225763
1391, 1716_filler, 865.6731123813422
1940, 7587_filler, 1202.6280597092352
1607, 1716_filler, 783.3246453418915
1678, 1042_filler, 1069.0308695262265
1063, 554_filler, 915.4429255830207
1432, 19_filler, 1343.2674249753845
1720, 1042_filler, 1040.6379653846961
1919, 3062_filler, 1308.4941727038756
1961, 7587_filler, 979.6297770076204
1020, 3062_filler, 1136.7113749760754
1874, 5680_filler, 968.4077459933909
1176, 6157_filler, 588.0278745518787
1813, 7587_filler, 985.4710168239349
1985, 174_filler, 752.4272390072013
1090, 554_filler, 1160.1888854837389
1731, 5868_filler, 865.1781608431872
1191, 7587_filler, 1318.5314747854902
1066, 4565_filler, 736.9756186604819
1070, 554_filler, 689.0642431950739
1247, 4565_filler, 948.3236525575011
1260, 7238_filler, 874.2137181490576
1076, 7587_filler, 1065.3722940831528
1774, 8012_filler, 1230.5353509753386
1770, 7587_filler, 867.3073273067627
1094, 7587_filler, 1188.7281017962014
1829, 554_filler, 917.8188138189367
1305, 7587_filler, 854.4475554415262
1082, 6157_filler, 1249.2993036098276
1490, 7587_filler, 1263.4236225431277
1877, 5299_filler, 822.7622302342276
1254, 1002_filler, 1093.6942557223201
1189, 1042_filler, 990.6312381507056
1370, 554_filler, 493.5897524766899
1475, 7587_filler, 992.4674113037667
1376, 711_filler, 1084.4666892071882
1276, 7587_filler, 696.5220070105466
1997, 4565_filler, 1213.7638773665988
1096, 1716_filler, 513.7605534195867
1981, 4565_filler, 1055.7272375002929
1544, 4565_filler, 866.4216280195226
1453, 7587_filler, 780.3598528883966
1226, 7587_filler, 1058.1974059692266
1380, 2709_filler, 817.2218563523617
1205, 7587_filler, 1145.702895606012
1575, 4565_filler, 505.65888328991116
1708, 2621_filler, 1102.934664882739
1182, 7587_filler, 1032.5719708572376
1085, 1427_filler, 1418.5077105888427
1480, 7587_filler, 956.465727300252
1494, 4565_filler, 1114.523272525074
1586, 7587_filler, 884.4883761248647
1364, 6683_filler, 1005.3283667538682
1001, 5125_filler, 786.89909613622
1259, 5983_filler, 892.0941304032888
1703, 7587_filler, 1156.6490932862914
1918, 7587_filler, 932.9361915479536
1619, 7587_filler, 1149.1903127854846
2000, 4434_filler, 653.796461064145
1721, 7587_filler, 1383.709100569914
1106, 4869_filler, 722.8535467160689
1593, 7988_filler, 742.4586267934396
1404, 707_filler, 925.7158378789898
1921, 483_filler, 937.2043533829749
1372, 859_filler, 1057.8822004363246
1581, 7587_filler, 947.07226493019
1532, 7587_filler, 848.599581663814
1143, 7736_filler, 1111.2359110467949
1422, 7587_filler, 1180.431488905646
1008, 7587_filler, 1020.7900739133389
1337, 4565_filler, 1183.597059813854
1885, 5983_filler, 777.225152385073
1135, 3062_filler, 1389.6532840964323
1111, 6549_filler, 1261.8481980808945
1007, 3062_filler, 1383.9893424445147
1944, 7587_filler, 1087.150173619082
1745, 1716_filler, 544.284019377751
1341, 7960_filler, 1229.0522263109897
1823, 4565_filler, 987.2310393215967
1287, 4565_filler, 972.2348931713982
1605, 432_filler, 1111.3286530095406
1939, 7587_filler, 861.4442451488082
1549, 4565_filler, 951.909659579101
1883, 7587_filler, 850.7216054620924
1133, 2873_filler, 1160.7991859059862
1752, 1072_filler, 1229.5564749128037
1478, 1872_filler, 1164.8173140025006
1746, 6683_filler, 879.6329845452591
1834, 7587_filler, 975.4576810400337
1101, 4598_filler, 1254.4238717435187
1011, 4057_filler, 1209.4120472361767
1671, 711_filler, 543.2167212540497
1630, 7736_filler, 678.2716316122915
1223, 7587_filler, 879.4500056853715
1399, 1042_filler, 1177.3440448738847
1021, 4849_filler, 803.6310565178526
1976, 1434_filler, 1388.1056335884527
1744, 711_filler, 968.9439805788568
1536, 4565_filler, 916.5243109159735
1686, 1253_filler, 764.9261402253161
1183, 7590_filler, 1135.3451567695174
1489, 7529_filler, 1128.583182578936
1162, 554_filler, 1195.3929270327812
1717, 4565_filler, 849.504745425239
1311, 5020_filler, 1110.129271751718
1765, 7587_filler, 847.8865269008584
1253, 711_filler, 1225.3630584443126
1543, 7587_filler, 1072.9957478946503
1458, 6188_filler, 535.4588277823049
1979, 7587_filler, 950.8041990862262
1073, 7587_filler, 1170.9985589231098
1690, 3062_filler, 1303.747291464109
1514, 4565_filler, 1146.0782586717191
1368, 7587_filler, 1046.940423328854
1886, 1355_filler, 1539.1890722065305
1002, 711_filler, 840.8735041610004
1277, 4565_filler, 832.9460891918516
1044, 7587_filler, 1132.2360619588126
1587, 6683_filler, 648.0834726329626
1120, 4280_filler, 1211.4775586035425
1709, 1716_filler, 774.7344303049916
1620, 2334_filler, 1336.1370158033942
1775, 3062_filler, 1252.0640958034057
1288, 1659_filler, 1122.316800195025
1591, 7587_filler, 694.4224893751642
1759, 5543_filler, 1286.4819761660092
1497, 3062_filler, 1009.4016172961087
1095, 7587_filler, 880.9148298785757
1233, 7587_filler, 891.9385839282882
1188, 3062_filler, 1216.8773561867276
1929, 1042_filler, 986.509154797866
1315, 7587_filler, 948.9841608267232
1371, 483_filler, 997.4395971686706
1389, 7587_filler, 731.0458261969628
1685, 4434_filler, 901.2147011117828
1609, 2873_filler, 1356.5881375716065
1055, 3062_filler, 1185.1680260621276
1528, 7587_filler, 791.2146516590805
1661, 554_filler, 934.6800254632598
1081, 7587_filler, 929.9695223500606
1279, 5125_filler, 1210.0644610928791
1984, 7587_filler, 1243.5592567304543
1643, 3895_filler, 831.0297076518985
1595, 711_filler, 651.3716297168614
1992, 7587_filler, 825.8821420154331
1757, 6808_filler, 555.8309095399427
1947, 5125_filler, 1071.3908600506165
1839, 4565_filler, 874.2403130718693
1446, 7587_filler, 1065.8239183842704
1273, 174_filler, 678.0457672605884
1040, 6808_filler, 590.4795455813859
1915, 4565_filler, 975.1628069199522
1932, 5792_filler, 1070.0155372703707
1367, 7587_filler, 913.0194411949835
1116, 7587_filler, 572.5223248922264
1538, 7587_filler, 1020.2210238472838
1492, 7587_filler, 1088.319461371522
1482, 7587_filler, 834.9534043885324
1425, 5125_filler, 1060.3334970658996
1535, 4057_filler, 1209.4120472361767
1156, 7587_filler, 1206.6710405077267
1104, 4534_filler, 474.75136584848286
1115, 7587_filler, 878.6061404292597
1102, 7587_filler, 1103.4461359758345
1820, 554_filler, 419.3015956623585
1134, 7587_filler, 1054.9944312649238
1033, 7587_filler, 829.2820690211504
1087, 7050_filler, 1357.6062113146065
1507, 7587_filler, 1043.4780184555877
1503, 5125_filler, 811.0090165959932
1320, 4565_filler, 1086.374072315793
1920, 7587_filler, 936.3836353226171
1983, 6683_filler, 1067.1360620839312
1435, 7587_filler, 1115.5280139915806
1080, 7736_filler, 1117.1000402828745
1468, 2592_filler, 622.1366911700354
1495, 4565_filler, 1153.6091192427355
1342, 1042_filler, 1445.9703921588437
1034, 6662_filler, 1161.9178112069717
1456, 4565_filler, 1080.0637133984274
1696, 711_filler, 1091.7238661859508
1758, 2334_filler, 1164.5917739706047
1110, 4673_filler, 1315.9599158029093
1027, 7587_filler, 1010.2167465450175
1170, 7587_filler, 1083.7569492280084
1378, 5125_filler, 749.8735310037287
1922, 7590_filler, 1351.8859511807939
1309, 1923_filler, 1237.8828195754234
1146, 4044_filler, 859.5205422210687
1140, 5125_filler, 722.6917133190334
1403, 2218_filler, 1163.2896780252113
1934, 7587_filler, 946.7560073746562
1151, 1042_filler, 1379.9713765147449
1346, 1216_filler, 1095.7128387492774
1872, 7743_filler, 944.106853062724
1262, 7587_filler, 1130.96678775285
1150, 1253_filler, 681.9183189722945
1217, 6808_filler, 914.8294239911613
1955, 1042_filler, 947.5742385164341
1401, 4565_filler, 966.0915135223992
1688, 1042_filler, 1052.8797414709811
1212, 7587_filler, 937.9566554484275
1552, 7587_filler, 1063.5614110148977
1766, 7587_filler, 1247.7064959356428
1132, 2880_filler, 824.984128635212
1125, 5125_filler, 948.5616743259238
1604, 7587_filler, 806.7804843946091
1316, 2592_filler, 810.3844766529033
1024, 7587_filler, 1000.8474221878178
1239, 5967_filler, 581.1681662823593
1397, 7587_filler, 820.2790302695785
1550, 7666_filler, 1176.0783349760338
1297, 1716_filler, 1019.8781789998254
1761, 7587_filler, 765.494488876308
1966, 7587_filler, 953.6834183836899
1434, 7587_filler, 1033.9758217676078
1602, 6759_filler, 1220.511931527095
1681, 1858_filler, 1196.6790505394501
1598, 7587_filler, 1125.098329036178
1419, 3718_filler, 1030.1402817092437
1464, 7383_filler, 1353.744067392356
1130, 1042_filler, 1309.3916049066452
1194, 298_filler, 1057.9921431655341
1573, 1042_filler, 1185.2180706519791
1168, 2211_filler, 1040.5308741214747
1045, 7587_filler, 1147.6216711094296
1296, 4565_filler, 801.5798463035358
1308, 7587_filler, 1098.6326160277602
1261, 7893_filler, 952.1436997638539
1796, 7587_filler, 1074.2904053374023
1463, 7587_filler, 1083.7746536988213
1088, 3718_filler, 1442.2660988874418
1437, 711_filler, 1078.425762396281
1865, 1072_filler, 657.6153178340662
1028, 7587_filler, 982.3035745124823
1711, 2550_filler, 1223.8209121436028
1278, 3888_filler, 546.751771830691
1786, 4565_filler, 799.6424200853779
1693, 2211_filler, 1488.8984182945458
1565, 3563_filler, 592.9409751400218
1564, 4105_filler, 1093.1548952458659
1716, 2621_filler, 1149.094208496414
1596, 4565_filler, 1171.3589330346185
1566, 6683_filler, 579.0536190630363
1390, 6808_filler, 859.169730030103
1580, 2218_filler, 1231.5066991291603
1009, 4550_filler, 684.470278755769
1854, 6274_filler, 755.9197212667493
1265, 3282_filler, 1319.742683253065
1069, 7587_filler, 1108.1881609185327
1268, 7587_filler, 977.4768219758462
1089, 7587_filler, 1120.765084663151
1093, 4434_filler, 1125.6745200101138
1670, 4565_filler, 1040.5911781290479
1051, 7587_filler, 762.8654042490065
1808, 1072_filler, 1144.8288081630371
1554, 174_filler, 867.2962657016344
1907, 1716_filler, 1005.0943985516982
1769, 4565_filler, 1048.5843432933757
1190, 483_filler, 1278.800952064081
1171, 711_filler, 596.0
1451, 3062_filler, 1085.5293639510633
1242, 1072_filler, 1373.160724387353
1461, 4565_filler, 976.6933692311011
1377, 1716_filler, 772.4709946010918
1811, 7587_filler, 1165.593035754761
1594, 5006_filler, 939.6537593709717
1180, 7587_filler, 1151.0870948803135
1163, 6683_filler, 671.3989359911141
1674, 3667_filler, 1221.9707443306488
1445, 7587_filler, 964.700892764177
1064, 5980_filler, 640.581474131121
1053, 7529_filler, 1211.2137507475713
1198, 7587_filler, 1176.0108417867584
1527, 3062_filler, 1251.6925041718514
1427, 3761_filler, 1184.4270766915117
1491, 4565_filler, 1163.563545750725
1326, 3913_filler, 923.107963620724
1633, 5983_filler, 774.9072525147768
1631, 3062_filler, 1014.1522937902374
1241, 377_filler, 1320.206139207056
1289, 7587_filler, 971.1148232830143
1129, 7587_filler, 756.8956334924915
1860, 1042_filler, 1398.2990559962486
1771, 3759_filler, 735.8001172193437
1665, 792_filler, 1413.6893665158552
1375, 4565_filler, 1334.7498361116213
1232, 711_filler, 1114.248457481544
1999, 7180_filler, 1361.3772438233277
1856, 5063_filler, 648.9794632729144
1286, 6475_filler, 1614.3624902728632
1047, 4565_filler, 928.5974302678206
1025, 7587_filler, 798.4524876284123
1181, 7587_filler, 975.3580752728712
1444, 4565_filler, 1015.9062456742748
1234, 7725_filler, 800.1036261010195
1508, 3062_filler, 1204.0087208986486
1807, 4565_filler, 474.8972586254842
1657, 7587_filler, 1371.5632960239202
1060, 3847_filler, 834.1655636023343
1029, 4429_filler, 1254.7687535956575
1648, 7587_filler, 960.8743088978912
1127, 4091_filler, 1112.4457290133303
1255, 4899_filler, 1411.5509200875467
1611, 1676_filler, 1061.272408479557
1269, 4550_filler, 833.8099678583844
1729, 7587_filler, 1015.4218950761305
1049, 7587_filler, 1068.350714887204
1893, 1467_filler, 1040.09308477655
1323, 6673_filler, 995.0675856443119
1967, 5365_filler, 1116.709563852661
1246, 7587_filler, 1161.3343080267628
1876, 3895_filler, 743.0073182681311
1443, 7587_filler, 965.6204611543812
1215, 7587_filler, 1102.979034252238
1046, 1716_filler, 551.353901772718
1962, 2768_filler, 880.5498637215271
1415, 6157_filler, 1211.866483982456
1777, 4565_filler, 661.3652546059552
1748, 1716_filler, 619.8443605051191
1867, 5125_filler, 869.5840959907213
1017, 7587_filler, 941.9198479700914
1827, 6808_filler, 696.5224332352835
1304, 7587_filler, 1171.1167213390816
1220, 4434_filler, 1283.0737995142758
1980, 2621_filler, 1302.8534549211588
1148, 7587_filler, 992.583969999516
1331, 7587_filler, 1144.1901612057325
1804, 554_filler, 624.7598038446456
1835, 7587_filler, 1219.822374364399
1584, 7587_filler, 1156.186890169578
1927, 7590_filler, 1233.0373575038186
1908, 4565_filler, 1148.3552368496432
1963, 7587_filler, 1146.0260141026467
1128, 3062_filler, 1215.8987930744895
1383, 5787_filler, 1288.1004425121514
1755, 5680_filler, 913.743502028879
1635, 563_filler, 1422.169381613878
1763, 4565_filler, 1309.1230843583808
1098, 7587_filler, 1095.1380620725406
1408, 4849_filler, 900.32390004931
1995, 7587_filler, 1221.2751532721854
1991, 4565_filler, 651.0421453331574
1750, 2621_filler, 770.5127756890213
1795, 7587_filler, 1032.695441550896
1741, 6157_filler, 798.6206468029736
1704, 554_filler, 747.702731705589
1740, 7587_filler, 1109.6544507187812
1950, 7587_filler, 978.3232147404048
1222, 7587_filler, 995.4861249660892
1498, 7587_filler, 1011.4065082843792
1816, 5100_filler, 1239.8948544130667
1005, 4429_filler, 975.0757662869075
1749, 7587_filler, 904.800392351816
1869, 6683_filler, 715.0823816176706
1913, 5125_filler, 628.7675444868318
1637, 7587_filler, 1389.6893987506705
1884, 2621_filler, 1088.2379680014844
1822, 7872_filler, 1207.7945292970985
1032, 6310_filler, 622.1723786459827
1891, 2873_filler, 916.5943077501627
1954, 3062_filler, 1434.3333817491664
1365, 7587_filler, 634.3406271475917
1806, 711_filler, 895.5847251935464
1530, 4550_filler, 574.6882035069103
1802, 2621_filler, 1338.9063167376573
1363, 1042_filler, 1058.2240429134088
1969, 7565_filler, 812.3385224153783
1956, 5204_filler, 940.3331191657561
1784, 711_filler, 852.4682911991507
1871, 3228_filler, 1120.0549651691206
1892, 554_filler, 864.0027126693527
1972, 4434_filler, 726.0254816464777
1970, 7529_filler, 1076.6050807979684
1500, 5125_filler, 1093.2282469823033
1048, 6696_filler, 813.7207752048611
1819, 4565_filler, 664.7641264012371
1903, 554_filler, 978.7253189736127
1423, 7587_filler, 893.4960478368105
1751, 1716_filler, 952.6872191333313
1501, 5980_filler, 1287.3138700410245
1142, 6274_filler, 729.5114803757375
1429, 3062_filler, 1171.4512900671543
1957, 7587_filler, 1001.0521964413244
1845, 1002_filler, 483.52318649160975
1847, 7587_filler, 1196.858700933406
1993, 1716_filler, 1035.667538353887
1244, 6237_filler, 830.250225835561
1768, 1716_filler, 395.37276714513354
1870, 2149_filler, 596.5833187828838
1522, 7587_filler, 796.7325460905937
1988, 4565_filler, 796.9599268470154
1951, 707_filler, 1180.3022917879978
1327, 7666_filler, 717.493292651576
1831, 5125_filler, 1070.8430090354047
1880, 4057_filler, 1003.6703579861269
1878, 7587_filler, 738.7460236779621
1937, 3517_filler, 1264.961511272181
1906, 4565_filler, 1078.021277619324
1520, 7529_filler, 1098.696898603068
1314, 1646_filler, 605.4929809667491
1333, 6683_filler, 463.36995883419115
1216, 711_filler, 625.8400105058801
1533, 7587_filler, 962.7723316028562
1756, 3566_filler, 806.1656545028447
1968, 1716_filler, 948.2859866622516
1782, 8012_filler, 1152.2670588886936
1525, 7587_filler, 1003.3439402816962
1319, 7587_filler, 1120.053737550123
1676, 5125_filler, 714.5356665345685
1666, 5586_filler, 902.7015702877668
1219, 5306_filler, 1213.6069689153899
1998, 2592_filler, 741.7140621560305
1384, 7736_filler, 816.9998087515077
1889, 1659_filler, 1452.0184227481413
1424, 7587_filler, 779.4709343522695
1861, 4565_filler, 971.2746779361645
1895, 1716_filler, 931.3123133514342
1003, 3563_filler, 430.94075868963705
1851, 7587_filler, 1004.0537522961607
1336, 1042_filler, 1209.8326330530185
1850, 554_filler, 530.8031944609979
1026, 4565_filler, 1227.1553487639615
1843, 745_filler, 732.5687681030362
1385, 7485_filler, 1227.7822995140466
1975, 5983_filler, 626.4945630250912
1857, 4565_filler, 703.1854307364453
1322, 917_filler, 1537.1471139744563
1141, 3062_filler, 1307.467733827493
1904, 7587_filler, 803.9444943526885
1837, 6588_filler, 803.6314453777926
1987, 4565_filler, 1053.2677722212904
1840, 2621_filler, 1515.1636875268625
1317, 2621_filler, 1323.9384898853873
1905, 1716_filler, 966.4769138474028
1855, 554_filler, 451.81491647576223
1754, 7587_filler, 420.9441397026451
1068, 711_filler, 669.4584798551737
1899, 6157_filler, 944.8294488954078
1324, 7587_filler, 808.9001019903509
1776, 7587_filler, 940.7767734696686
1971, 46_filler, 1248.9314432746098
1023, 7587_filler, 1247.843990649472
1973, 3062_filler, 1700.7033838973803
1964, 711_filler, 908.8847217881925
1152, 2550_filler, 986.1721135278567
1848, 4057_filler, 1003.9495442999115
1960, 711_filler, 950.4604147464532
1864, 5680_filler, 874.8880642687955
1779, 4565_filler, 1252.8572843704108
1974, 711_filler, 1081.5350780256736
1243, 7590_filler, 1329.7979169783655
1994, 4434_filler, 613.5490251398008
1887, 4434_filler, 987.2433527251526
1325, 4434_filler, 536.4032706369342
1846, 7587_filler, 1019.2088843804296
1868, 7587_filler, 1071.7246614686069
1332, 8012_filler, 1543.526319827427
1866, 7587_filler, 892.3325823368774
1362, 2873_filler, 1171.3575991130974
1990, 554_filler, 1020.3422526289892
1211, 3525_filler, 1122.1987903219288
1031, 4565_filler, 1056.496746327219
1330, 711_filler, 670.2574132376307
1900, 2621_filler, 1199.6587014647125
1996, 1042_filler, 985.4863646951185
1030, 7587_filler, 1274.4963711207654
1897, 6049_filler, 1010.6772791054522
1852, 7587_filler, 972.4920629496161
1888, 4434_filler, 699.8002393540602
1890, 1716_filler, 988.4267802928044
1318, 7736_filler, 1214.1793524846319
1328, 7587_filler, 1073.0160180537846
1145, 545_filler, 1286.215621503642
1862, 6157_filler, 900.8806108469646
1321, 7587_filler, 1056.3449957281948
1780, 4057_filler, 680.9195758310963
1144, 6310_filler, 565.3172781721782
1838, 7587_filler, 1065.5162481163766
1863, 1525_filler, 675.3460918299594
1778, 4565_filler, 539.7623609052413
1898, 1002_filler, 995.0094220659421
1218, 7587_filler, 1080.7256821228966
1149, 4434_filler, 1211.3715883245736
1753, 7587_filler, 1390.1641090173491
1213, 4534_filler, 896.7013856351512
1035, 7587_filler, 907.069388194751
1785, 3888_filler, 489.71831827081985
1147, 1716_filler, 1014.7907111813746
1844, 5471_filler, 1172.8250082599704
1901, 1253_filler, 673.8946737065073
1894, 1716_filler, 704.9360343321939
1896, 2582_filler, 1215.7902265604869
1386, 7587_filler, 1062.5714093650365
1214, 7587_filler, 1136.8967631231958
1783, 806_filler, 509.4106275883926
1836, 7587_filler, 862.5313762408879
1853, 4550_filler, 540.516130656616
1329, 7529_filler, 1073.0032618776142
1781, 4967_filler, 958.318155676913
1360, 6475_filler, 1438.6879439266877
1224, 7529_filler, 929.2620392009995
1174, 554_filler, 621.6230519776434
1138, 5980_filler, 1149.9197254591295
1139, 6274_filler, 543.3036386312906
1015, 4565_filler, 1251.4900119457607
1014, 711_filler, 773.4691331914933
1016, 5194_filler, 682.7307988878193
1012, 7587_filler, 1022.8114134580236
1013, 745_filler, 1162.1424719026493
1563, 7587_filler, 1389.8258883759504
1560, 4565_filler, 1129.275265380412
1559, 4565_filler, 913.9826995080377
1561, 4879_filler, 1104.0297776781204
1558, 7590_filler, 978.1568125817046
1562, 1042_filler, 800.0041406142846
1557, 1042_filler, 1279.6580597956627
1662, 7529_filler, 887.8454609333767
2074, 7587_filler, 1087.6234412700014
2001, 711_filler, 1199.4755624855388
2014, 1716_filler, 1122.073248500293
2189, 1858_filler, 1162.032755562424
2028, 1716_filler, 585.0298603490253
2080, 4429_filler, 1282.0639122134278
2126, 1858_filler, 1146.711602801681
2175, 7587_filler, 1179.15674318557
2123, 7587_filler, 1022.3539626763326
2086, 7587_filler, 1220.505837757444
2095, 7587_filler, 1080.9310801341592
2007, 7587_filler, 959.7175365700056
2076, 4565_filler, 944.0652784633063
2195, 3062_filler, 1114.2696599118187
2182, 7587_filler, 813.9902487130912
2090, 4565_filler, 1081.937209361061
2129, 7587_filler, 1356.4613890560984
2154, 483_filler, 897.5946328939361
2151, 7529_filler, 1365.074631659383
2113, 1858_filler, 1200.9852205585212
2061, 3062_filler, 1378.930201279238
2140, 7587_filler, 1042.3495694823307
2177, 3718_filler, 1314.8976195886887
2193, 7587_filler, 1112.6008381265942
2109, 7587_filler, 970.3846209106985
2181, 7587_filler, 1206.5796181769358
2161, 3062_filler, 1188.9410729720796
2069, 7587_filler, 1207.861436589479
2085, 7587_filler, 1119.559399942674
2078, 4434_filler, 1107.2847420605053
2187, 7587_filler, 1003.1950832216036
2201, 2768_filler, 1343.4016990461193
2132, 7587_filler, 1189.461853108371
2208, 7587_filler, 916.7943471684367
2003, 3888_filler, 592.3234705378472
2082, 7587_filler, 887.5999239522275
2179, 7587_filler, 1017.1276345670685
2010, 7666_filler, 1252.9411897611155
2093, 7587_filler, 1066.519045774617
2049, 7587_filler, 1109.5646105567714
2084, 4565_filler, 1170.8216132272244
2128, 1716_filler, 800.4864146255076
2089, 1042_filler, 891.5614112331242
2155, 6157_filler, 1129.2588277272841
2131, 483_filler, 1260.9956879387018
2171, 711_filler, 1150.889873098204
2053, 4429_filler, 1208.123648473119
2107, 7587_filler, 919.302792881649
2104, 7587_filler, 1068.9928086755308
2013, 2873_filler, 892.9942608998111
2027, 554_filler, 976.9404408662792
2041, 1042_filler, 1010.1221770162261
2073, 2768_filler, 1094.4541447680665
2032, 711_filler, 913.8266041760877
2067, 4057_filler, 1164.3384387711333
2180, 7587_filler, 1114.4868774462982
2005, 711_filler, 621.8190804004007
2127, 3062_filler, 1513.7456853778313
2033, 5125_filler, 823.015302105617
2205, 4565_filler, 1077.1477382420667
2081, 6683_filler, 1098.858612379227
2022, 3331_filler, 1074.7916658590166
2200, 7691_filler, 1246.4412340740337
2009, 4565_filler, 847.7491890293968
2166, 3062_filler, 1087.149541231564
2025, 7587_filler, 761.3489672942362
2077, 4565_filler, 1306.5875879557404
2106, 7587_filler, 1342.1311877011128
2002, 1858_filler, 856.7973068351697
2118, 6157_filler, 1246.4260407260433
2194, 7587_filler, 1165.279901997799
2139, 1042_filler, 1228.9004740010478
2183, 7587_filler, 1210.8087689639517
2173, 7587_filler, 1307.3439199384377
2091, 6820_filler, 1195.6145386369303
2063, 5125_filler, 1202.775488193869
2004, 5639_filler, 1120.960525620773
2031, 4565_filler, 1020.9606077121683
2202, 7587_filler, 1179.7938908978974
2075, 4565_filler, 1375.5528434051525
2124, 7587_filler, 1184.8197120237323
2206, 4429_filler, 1399.4638258990476
2039, 1072_filler, 722.0667818837811
2174, 7587_filler, 1458.6777402839875
2094, 7587_filler, 1287.2595406521561
2065, 5980_filler, 1160.776841171463
2160, 2621_filler, 1058.2001228501158
2176, 7587_filler, 1288.9280914775657
2143, 2873_filler, 1526.0077817625963
2068, 1872_filler, 1130.2578798663603
2008, 7587_filler, 1172.043194596513
2096, 7587_filler, 1042.2681996492074
2066, 7587_filler, 1166.4874088476051
2197, 2621_filler, 1053.6609392968878
2122, 4434_filler, 1096.590511540201
2199, 7587_filler, 1061.2765897729018
2150, 7587_filler, 1096.3452923235452
2198, 1042_filler, 1058.069232139372
2056, 7587_filler, 1132.0225814885496
2117, 3062_filler, 1310.7553166018438
2092, 3062_filler, 1482.8778607828765
2110, 6820_filler, 1086.6355184697397
2087, 7794_filler, 1081.563856182334
2038, 1042_filler, 1262.0184725272447
2108, 3062_filler, 1484.1538835309498
2192, 3290_filler, 1038.42699550811
2026, 7587_filler, 902.0004503879142
2062, 7587_filler, 863.8041951159996
2157, 1858_filler, 1414.2197937378758
2152, 2873_filler, 1341.4856037244679
2034, 4565_filler, 744.92033970083
2021, 711_filler, 873.9238382147497
2088, 7587_filler, 1056.2153544613902
2023, 7587_filler, 905.8552243598311
2048, 3290_filler, 746.5566371682727
2024, 2218_filler, 1321.0123958540282
2119, 2873_filler, 1223.7761743881108
2011, 7587_filler, 1137.0788231252925
2071, 2873_filler, 1193.2269272858368
2184, 4565_filler, 1241.7990477528963
2144, 7587_filler, 1257.3136044758285
2165, 4565_filler, 1242.1594100597556
2015, 7587_filler, 983.2394799844034
2051, 554_filler, 1088.1619824272486
2054, 7587_filler, 1081.7880453212636
2083, 7587_filler, 1060.481376545576
2112, 7587_filler, 1452.127318798183
2159, 7587_filler, 1037.6688416831257
2149, 7587_filler, 960.8130020977027
2097, 2390_filler, 1511.2473325038493
2070, 7587_filler, 973.3019829426014
2058, 7587_filler, 1096.0661476389096
2162, 7529_filler, 1388.010716817417
2153, 1716_filler, 1297.4195543462415
2050, 711_filler, 1013.4888997912113
2116, 7587_filler, 1220.7755219531557
2169, 4429_filler, 1344.927321456442
2064, 7587_filler, 1003.7928384382905
2012, 2592_filler, 741.7318417056126
2203, 7590_filler, 1059.2548678198275
2037, 617_filler, 967.1477718011865
2125, 2211_filler, 1383.717456708558
2191, 7587_filler, 1056.0098247649025
2137, 1716_filler, 1023.0837881131731
2099, 2873_filler, 1167.3735477558157
2040, 6683_filler, 790.6236857696587
2147, 3062_filler, 1141.8649766938297
2047, 174_filler, 814.3288647714755
2111, 7587_filler, 1234.3748924050585
2222, 3062_filler, 1358.3711753419975
2141, 6683_filler, 1356.7845720673565
2006, 1716_filler, 981.3606943932491
2114, 7587_filler, 1108.5643869437624
2172, 7587_filler, 1202.1141272774396
2130, 1716_filler, 724.9673699553656
2190, 4565_filler, 1210.2342748410326
2103, 4565_filler, 1431.8375431591392
2055, 7587_filler, 1009.2844309212344
2052, 3062_filler, 1350.4278951502743
2105, 7587_filler, 1348.8728628006422
2185, 554_filler, 1245.6138045156692
2072, 7587_filler, 1145.694603722999
2036, 6455_filler, 623.034735187373
2148, 1577_filler, 1429.0961304265015
2057, 7587_filler, 1052.5496425347358
2029, 6156_filler, 818.2812016660288
2158, 1042_filler, 1162.9601239939398
2142, 1042_filler, 1314.5076074332928
2121, 3062_filler, 1261.2736122665851
2030, 3062_filler, 1082.2870460279935
2217, 7587_filler, 1242.5618193876714
2115, 7587_filler, 1145.7961751550754
2216, 7587_filler, 1183.298303472121
2164, 1042_filler, 1109.425865031098
2188, 4565_filler, 1216.999075595376
2120, 45_filler, 1404.2473072788853
2178, 3062_filler, 1190.149255345732
2221, 7587_filler, 1093.0494041899478
2145, 7587_filler, 1318.3499630219587
2060, 4434_filler, 1167.153963708302
2133, 7587_filler, 1009.0175295801357
2170, 483_filler, 1120.1791151418597
2219, 7587_filler, 1100.2021973255644
2168, 7587_filler, 1354.6711316773528
2098, 7587_filler, 1288.2786480416416
2196, 4057_filler, 1499.3904594867877
2156, 4565_filler, 1228.342480743868
2186, 7587_filler, 743.9018752496864
2207, 1042_filler, 1394.4766939608564
2167, 711_filler, 1064.3920800156304
2146, 7587_filler, 1117.3067506284924
2059, 5125_filler, 935.5426901002434
2079, 2621_filler, 1487.8318117314202
2204, 1858_filler, 1237.3545874162346
2214, 3888_filler, 1085.460098299334
2163, 7587_filler, 1090.5509502081964
2101, 7587_filler, 1076.4677770374735
2100, 711_filler, 1181.1152039492167
2102, 7587_filler, 1106.6654869471624
2035, 7587_filler, 1085.8635964061048
2218, 5125_filler, 1040.7808366798458
2134, 4429_filler, 1255.1754359451113
2043, 7587_filler, 1085.4210012709354
2220, 7587_filler, 963.4851451890682
2215, 3062_filler, 1081.461511104302
2046, 7657_filler, 1037.1976667925935
2044, 4565_filler, 1196.9903926097318
2212, 7587_filler, 1225.371117253871
2136, 298_filler, 1120.2196213243187
2210, 5844_filler, 991.0655250789425
2138, 3062_filler, 885.0918737622666
2209, 7587_filler, 1204.7075890024103
2042, 7587_filler, 908.8337306680469
2135, 7587_filler, 996.8899136815459
2211, 2830_filler, 1251.5792024478515
2045, 1716_filler, 1269.8123384973073
2213, 7587_filler, 1278.0379493583123
2018, 7587_filler, 991.0669755369714
2020, 2487_filler, 998.2103673575025
2019, 7736_filler, 823.4173835303698
2017, 5125_filler, 811.6584102933944
2016, 5365_filler, 1372.3550469903917
